Modelo,Accuracy,F1_macro,F1_1,F1_3,F1_4
v1 (sin aumentación),0.9608247422680413,0.9558758324746521,0.9333333333333333,0.9584487534626038,0.9758454106280193
v2 (con aumentación),0.9608247422680413,0.9561622936095965,0.934010152284264,0.9611111111111111,0.9733656174334141
