accuracy,f1_macro
0.8888888888888888,0.8565578911528053
