,1,3,4,accuracy,macro avg,weighted avg
precision,1.0,1.0,0.9772727272727273,0.98989898989899,0.9924242424242425,0.9901285583103766
recall,0.9523809523809523,1.0,1.0,0.98989898989899,0.9841269841269842,0.98989898989899
f1-score,0.975609756097561,1.0,0.9885057471264368,0.98989898989899,0.9880385010746658,0.9898338586311674
support,21.0,35.0,43.0,0.98989898989899,99.0,99.0
