,1,3,4,accuracy,macro avg,weighted avg
precision,0.9411764705882353,0.9664804469273743,0.9803921568627451,0.9670103092783505,0.9626830247927849,0.9670911663634525
recall,0.9504950495049505,0.9664804469273743,0.975609756097561,0.9670103092783505,0.9641950841766286,0.9670103092783505
f1-score,0.9458128078817734,0.9664804469273743,0.9779951100244498,0.9670103092783505,0.9634294549445325,0.9670434869094254
support,101.0,179.0,205.0,0.9670103092783505,485.0,485.0
